{
  "language" : "sn",
  "territories" : {
    "af" : "South Africa",
    "af-NA" : "Namibia",
    "agq" : "Kameruni",
    "ak" : "Ghana",
    "am" : "Etiopia",
    "ar-AE" : "United Arab Emirates",
    "ar-BH" : "Bahareni",
    "ar-DJ" : "Djibouti",
    "ar-DZ" : "Aljeria",
    "ar-EG" : "Egypt",
    "ar-EH" : "EH",
    "ar-ER" : "Eritrea",
    "ar-IL" : "Izuraeri",
    "ar-IQ" : "Iraq",
    "ar-JO" : "Jordan",
    "ar-KM" : "Komoro",
    "ar-KW" : "Kuwait",
    "ar-LB" : "Lebanon",
    "ar-LY" : "Libya",
    "ar-MA" : "Morocco",
    "ar-MR" : "Mauritania",
    "ar-OM" : "Oman",
    "ar-PS" : "PS",
    "ar-QA" : "Qatar",
    "ar-SA" : "Saudi Arabia",
    "ar-SD" : "Sudan",
    "ar-SO" : "Somalia",
    "ar-SS" : "SS",
    "ar-SY" : "Syria",
    "ar-TD" : "Chadi",
    "ar-TN" : "Tunisia",
    "ar-YE" : "Yemen",
    "as" : "India",
    "asa" : "Tanzania",
    "ast" : "Spain",
    "az-Cyrl" : "Azabajani",
    "az-Latn" : "Azabajani",
    "bas" : "Kameruni",
    "be" : "Belarusi",
    "bem" : "Zambia",
    "bez" : "Tanzania",
    "bg" : "Bulgaria",
    "bm" : "Mali",
    "bn" : "Bangladeshi",
    "bn-IN" : "India",
    "bo" : "China",
    "bo-IN" : "India",
    "br" : "France",
    "brx" : "India",
    "bs-Cyrl" : "Boznia ne Herzegovina",
    "bs-Latn" : "Boznia ne Herzegovina",
    "ca" : "Spain",
    "ca-AD" : "Andora",
    "ca-ES-VALENCIA" : "Spain",
    "ca-FR" : "France",
    "ca-IT" : "Italy",
    "ccp" : "Bangladeshi",
    "ccp-IN" : "India",
    "ce" : "Russia",
    "cgg" : "Uganda",
    "chr" : "Amerika",
    "ckb" : "Iraq",
    "ckb-IR" : "Iran",
    "cs" : "Czech Republic",
    "cu" : "Russia",
    "cy" : "United Kingdom",
    "da" : "Denmark",
    "da-GL" : "Greenland",
    "dav" : "Kenya",
    "de" : "Germany",
    "de-AT" : "Austria",
    "de-BE" : "Beljium",
    "de-CH" : "Switzerland",
    "de-IT" : "Italy",
    "de-LI" : "Liechtenstein",
    "de-LU" : "Luxembourg",
    "dje" : "Niger",
    "dsb" : "Germany",
    "dua" : "Kameruni",
    "dyo" : "Senegal",
    "dz" : "Bhutani",
    "ebu" : "Kenya",
    "ee" : "Ghana",
    "ee-TG" : "Togo",
    "el" : "Greece",
    "el-CY" : "Cyprus",
    "en" : "Amerika",
    "en-AG" : "Antigua ne Barbuda",
    "en-AI" : "Anguila",
    "en-AS" : "Samoa ye Amerika",
    "en-AT" : "Austria",
    "en-AU" : "Australia",
    "en-BB" : "Barbados",
    "en-BE" : "Beljium",
    "en-BI" : "Burundi",
    "en-BM" : "Bermuda",
    "en-BS" : "Bahama",
    "en-BW" : "Botswana",
    "en-BZ" : "Belize",
    "en-CA" : "Kanada",
    "en-CC" : "CC",
    "en-CH" : "Switzerland",
    "en-CK" : "Zvitsuwa zveCook",
    "en-CM" : "Kameruni",
    "en-CX" : "CX",
    "en-CY" : "Cyprus",
    "en-DE" : "Germany",
    "en-DG" : "DG",
    "en-DK" : "Denmark",
    "en-DM" : "Dominica",
    "en-ER" : "Eritrea",
    "en-FI" : "Finland",
    "en-FJ" : "Fiji",
    "en-FK" : "Zvitsuwa zveFalklands",
    "en-FM" : "Micronesia",
    "en-GB" : "United Kingdom",
    "en-GD" : "Grenada",
    "en-GG" : "GG",
    "en-GH" : "Ghana",
    "en-GI" : "Gibraltar",
    "en-GM" : "Gambia",
    "en-GU" : "Guam",
    "en-GY" : "Guyana",
    "en-HK" : "HK",
    "en-IE" : "Ireland",
    "en-IL" : "Izuraeri",
    "en-IM" : "IM",
    "en-IN" : "India",
    "en-IO" : "British Indian Ocean Territory",
    "en-JE" : "JE",
    "en-JM" : "Jamaica",
    "en-KE" : "Kenya",
    "en-KI" : "Kiribati",
    "en-KN" : "Saint Kitts and Nevis",
    "en-KY" : "Zvitsuwa zveCayman",
    "en-LC" : "Saint Lucia",
    "en-LR" : "Liberia",
    "en-LS" : "Lesotho",
    "en-MG" : "Madagascar",
    "en-MH" : "Zvitsuwa zveMarshall",
    "en-MO" : "MO",
    "en-MP" : "Zvitsuwa zvekumaodzanyemba eMariana",
    "en-MS" : "Montserrat",
    "en-MT" : "Malta",
    "en-MU" : "Mauritius",
    "en-MW" : "Malawi",
    "en-MY" : "Malaysia",
    "en-NA" : "Namibia",
    "en-NF" : "Chitsuwa cheNorfolk",
    "en-NG" : "Nigeria",
    "en-NL" : "Netherlands",
    "en-NR" : "Nauru",
    "en-NU" : "Niue",
    "en-NZ" : "New Zealand",
    "en-PG" : "Papua New Guinea",
    "en-PH" : "Philippines",
    "en-PK" : "Pakistan",
    "en-PN" : "Pitcairn",
    "en-PR" : "Puerto Rico",
    "en-PW" : "Palau",
    "en-RW" : "Rwanda",
    "en-SB" : "Zvitsuwa zvaSolomon",
    "en-SC" : "Seychelles",
    "en-SD" : "Sudan",
    "en-SE" : "Sweden",
    "en-SG" : "Singapore",
    "en-SH" : "Saint Helena",
    "en-SI" : "Slovenia",
    "en-SL" : "Sierra Leone",
    "en-SS" : "SS",
    "en-SX" : "SX",
    "en-SZ" : "Swaziland",
    "en-TC" : "Zvitsuwa zveTurk neCaico",
    "en-TK" : "Tokelau",
    "en-TO" : "Tonga",
    "en-TT" : "Trinidad and Tobago",
    "en-TV" : "Tuvalu",
    "en-TZ" : "Tanzania",
    "en-UG" : "Uganda",
    "en-UM" : "UM",
    "en-US-POSIX" : "Amerika",
    "en-VC" : "Saint Vincent and the Grenadines",
    "en-VG" : "Zvitsuwa zveHingirandi",
    "en-VI" : "Zvitsuwa zveAmerika",
    "en-VU" : "Vanuatu",
    "en-WS" : "Samoa",
    "en-ZA" : "South Africa",
    "en-ZM" : "Zambia",
    "en-ZW" : "Zimbabwe",
    "es" : "Spain",
    "es-AR" : "Ajentina",
    "es-BO" : "Bolivia",
    "es-BR" : "Brazil",
    "es-BZ" : "Belize",
    "es-CL" : "Chile",
    "es-CO" : "Kolombia",
    "es-CR" : "Kostarika",
    "es-CU" : "Cuba",
    "es-DO" : "Dominican Republic",
    "es-EA" : "EA",
    "es-EC" : "Ecuador",
    "es-GQ" : "Equatorial Guinea",
    "es-GT" : "Guatemala",
    "es-HN" : "Honduras",
    "es-IC" : "IC",
    "es-MX" : "Mexico",
    "es-NI" : "Nicaragua",
    "es-PA" : "Panama",
    "es-PE" : "Peru",
    "es-PH" : "Philippines",
    "es-PR" : "Puerto Rico",
    "es-PY" : "Paraguay",
    "es-SV" : "El Salvador",
    "es-US" : "Amerika",
    "es-UY" : "Uruguay",
    "es-VE" : "Venezuela",
    "et" : "Estonia",
    "eu" : "Spain",
    "ewo" : "Kameruni",
    "fa" : "Iran",
    "fa-AF" : "Afuganistani",
    "ff" : "Senegal",
    "ff-CM" : "Kameruni",
    "ff-GN" : "Guinea",
    "ff-MR" : "Mauritania",
    "fi" : "Finland",
    "fil" : "Philippines",
    "fo" : "FO",
    "fo-DK" : "Denmark",
    "fr" : "France",
    "fr-BE" : "Beljium",
    "fr-BF" : "Bukinafaso",
    "fr-BI" : "Burundi",
    "fr-BJ" : "Benini",
    "fr-BL" : "BL",
    "fr-CA" : "Kanada",
    "fr-CD" : "Democratic Republic of the Congo",
    "fr-CF" : "Central African Republic",
    "fr-CG" : "Kongo",
    "fr-CH" : "Switzerland",
    "fr-CI" : "Ivory Coast",
    "fr-CM" : "Kameruni",
    "fr-DJ" : "Djibouti",
    "fr-DZ" : "Aljeria",
    "fr-GA" : "Gabon",
    "fr-GF" : "French Guiana",
    "fr-GN" : "Guinea",
    "fr-GP" : "Guadeloupe",
    "fr-GQ" : "Equatorial Guinea",
    "fr-HT" : "Haiti",
    "fr-KM" : "Komoro",
    "fr-LU" : "Luxembourg",
    "fr-MA" : "Morocco",
    "fr-MC" : "Monaco",
    "fr-MF" : "MF",
    "fr-MG" : "Madagascar",
    "fr-ML" : "Mali",
    "fr-MQ" : "Martinique",
    "fr-MR" : "Mauritania",
    "fr-MU" : "Mauritius",
    "fr-NC" : "New Caledonia",
    "fr-NE" : "Niger",
    "fr-PF" : "French Polynesia",
    "fr-PM" : "Saint Pierre and Miquelon",
    "fr-RE" : "Réunion",
    "fr-RW" : "Rwanda",
    "fr-SC" : "Seychelles",
    "fr-SN" : "Senegal",
    "fr-SY" : "Syria",
    "fr-TD" : "Chadi",
    "fr-TG" : "Togo",
    "fr-TN" : "Tunisia",
    "fr-VU" : "Vanuatu",
    "fr-WF" : "Wallis and Futuna",
    "fr-YT" : "Mayotte",
    "fur" : "Italy",
    "fy" : "Netherlands",
    "ga" : "Ireland",
    "gd" : "United Kingdom",
    "gl" : "Spain",
    "gsw" : "Switzerland",
    "gsw-FR" : "France",
    "gsw-LI" : "Liechtenstein",
    "gu" : "India",
    "guz" : "Kenya",
    "gv" : "IM",
    "ha" : "Nigeria",
    "ha-GH" : "Ghana",
    "ha-NE" : "Niger",
    "haw" : "Amerika",
    "he" : "Izuraeri",
    "hi" : "India",
    "hr" : "Korasia",
    "hr-BA" : "Boznia ne Herzegovina",
    "hsb" : "Germany",
    "hu" : "Hungary",
    "hy" : "Armenia",
    "id" : "Indonesia",
    "ig" : "Nigeria",
    "ii" : "China",
    "is" : "Iceland",
    "it" : "Italy",
    "it-CH" : "Switzerland",
    "it-SM" : "San Marino",
    "it-VA" : "Vatican State",
    "ja" : "Japan",
    "jgo" : "Kameruni",
    "jmc" : "Tanzania",
    "ka" : "Georgia",
    "kab" : "Aljeria",
    "kam" : "Kenya",
    "kde" : "Tanzania",
    "kea" : "Zvitsuwa zveCape Verde",
    "khq" : "Mali",
    "ki" : "Kenya",
    "kk" : "Kazakhstan",
    "kkj" : "Kameruni",
    "kl" : "Greenland",
    "kln" : "Kenya",
    "km" : "Kambodia",
    "kn" : "India",
    "ko" : "Korea, South",
    "ko-KP" : "Korea, North",
    "kok" : "India",
    "ks" : "India",
    "ksb" : "Tanzania",
    "ksf" : "Kameruni",
    "ksh" : "Germany",
    "kw" : "United Kingdom",
    "ky" : "Kyrgyzstan",
    "lag" : "Tanzania",
    "lb" : "Luxembourg",
    "lg" : "Uganda",
    "lkt" : "Amerika",
    "ln" : "Democratic Republic of the Congo",
    "ln-AO" : "Angola",
    "ln-CF" : "Central African Republic",
    "ln-CG" : "Kongo",
    "lo" : "Laos",
    "lrc" : "Iran",
    "lrc-IQ" : "Iraq",
    "lt" : "Lithuania",
    "lu" : "Democratic Republic of the Congo",
    "luo" : "Kenya",
    "luy" : "Kenya",
    "lv" : "Latvia",
    "mas" : "Kenya",
    "mas-TZ" : "Tanzania",
    "mer" : "Kenya",
    "mfe" : "Mauritius",
    "mg" : "Madagascar",
    "mgh" : "Mozambique",
    "mgo" : "Kameruni",
    "mk" : "Macedonia",
    "ml" : "India",
    "mn" : "Mongolia",
    "mr" : "India",
    "ms" : "Malaysia",
    "ms-BN" : "Burunei",
    "ms-SG" : "Singapore",
    "mt" : "Malta",
    "mua" : "Kameruni",
    "my" : "Myanmar",
    "mzn" : "Iran",
    "naq" : "Namibia",
    "nb" : "Norway",
    "nb-SJ" : "SJ",
    "nd" : "Zimbabwe",
    "nds" : "Germany",
    "nds-NL" : "Netherlands",
    "ne" : "Nepal",
    "ne-IN" : "India",
    "nl" : "Netherlands",
    "nl-AW" : "Arubha",
    "nl-BE" : "Beljium",
    "nl-BQ" : "BQ",
    "nl-CW" : "CW",
    "nl-SR" : "Suriname",
    "nl-SX" : "SX",
    "nmg" : "Kameruni",
    "nn" : "Norway",
    "nnh" : "Kameruni",
    "nus" : "SS",
    "nyn" : "Uganda",
    "om" : "Etiopia",
    "om-KE" : "Kenya",
    "or" : "India",
    "os" : "Georgia",
    "os-RU" : "Russia",
    "pa-Arab" : "Pakistan",
    "pa-Guru" : "India",
    "pl" : "Poland",
    "ps" : "Afuganistani",
    "pt" : "Brazil",
    "pt-AO" : "Angola",
    "pt-CH" : "Switzerland",
    "pt-CV" : "Zvitsuwa zveCape Verde",
    "pt-GQ" : "Equatorial Guinea",
    "pt-GW" : "Guinea-Bissau",
    "pt-LU" : "Luxembourg",
    "pt-MO" : "MO",
    "pt-MZ" : "Mozambique",
    "pt-PT" : "Portugal",
    "pt-ST" : "São Tomé and Príncipe",
    "pt-TL" : "East Timor",
    "qu" : "Peru",
    "qu-BO" : "Bolivia",
    "qu-EC" : "Ecuador",
    "rm" : "Switzerland",
    "rn" : "Burundi",
    "ro" : "Romania",
    "ro-MD" : "Moldova",
    "rof" : "Tanzania",
    "ru" : "Russia",
    "ru-BY" : "Belarusi",
    "ru-KG" : "Kyrgyzstan",
    "ru-KZ" : "Kazakhstan",
    "ru-MD" : "Moldova",
    "ru-UA" : "Ukraine",
    "rw" : "Rwanda",
    "rwk" : "Tanzania",
    "sah" : "Russia",
    "saq" : "Kenya",
    "sbp" : "Tanzania",
    "sd" : "Pakistan",
    "se" : "Norway",
    "se-FI" : "Finland",
    "se-SE" : "Sweden",
    "seh" : "Mozambique",
    "ses" : "Mali",
    "sg" : "Central African Republic",
    "shi-Latn" : "Morocco",
    "shi-Tfng" : "Morocco",
    "si" : "Sri Lanka",
    "sk" : "Slovakia",
    "sl" : "Slovenia",
    "smn" : "Finland",
    "sn" : "Zimbabwe",
    "so" : "Somalia",
    "so-DJ" : "Djibouti",
    "so-ET" : "Etiopia",
    "so-KE" : "Kenya",
    "sq" : "Albania",
    "sq-MK" : "Macedonia",
    "sq-XK" : "XK",
    "sr-Cyrl" : "RS",
    "sr-Cyrl-BA" : "Boznia ne Herzegovina",
    "sr-Cyrl-ME" : "ME",
    "sr-Cyrl-XK" : "XK",
    "sr-Latn" : "RS",
    "sr-Latn-BA" : "Boznia ne Herzegovina",
    "sr-Latn-ME" : "ME",
    "sr-Latn-XK" : "XK",
    "sv" : "Sweden",
    "sv-AX" : "AX",
    "sv-FI" : "Finland",
    "sw" : "Tanzania",
    "sw-CD" : "Democratic Republic of the Congo",
    "sw-KE" : "Kenya",
    "sw-UG" : "Uganda",
    "ta" : "India",
    "ta-LK" : "Sri Lanka",
    "ta-MY" : "Malaysia",
    "ta-SG" : "Singapore",
    "te" : "India",
    "teo" : "Uganda",
    "teo-KE" : "Kenya",
    "tg" : "Tajikistan",
    "th" : "Thailand",
    "ti" : "Etiopia",
    "ti-ER" : "Eritrea",
    "tk" : "Turkmenistan",
    "to" : "Tonga",
    "tr" : "Turkey",
    "tr-CY" : "Cyprus",
    "tt" : "Russia",
    "twq" : "Niger",
    "tzm" : "Morocco",
    "ug" : "China",
    "uk" : "Ukraine",
    "ur" : "Pakistan",
    "ur-IN" : "India",
    "uz-Arab" : "Afuganistani",
    "uz-Cyrl" : "Uzbekistan",
    "uz-Latn" : "Uzbekistan",
    "vai-Latn" : "Liberia",
    "vai-Vaii" : "Liberia",
    "vi" : "Vietnam",
    "vun" : "Tanzania",
    "wae" : "Switzerland",
    "wo" : "Senegal",
    "xog" : "Uganda",
    "yav" : "Kameruni",
    "yo" : "Nigeria",
    "yo-BJ" : "Benini",
    "yue-Hans" : "China",
    "yue-Hant" : "HK",
    "zgh" : "Morocco",
    "zh-Hans" : "China",
    "zh-Hans-HK" : "HK",
    "zh-Hans-MO" : "MO",
    "zh-Hans-SG" : "Singapore",
    "zh-Hant" : "Taiwan",
    "zh-Hant-HK" : "HK",
    "zh-Hant-MO" : "MO",
    "zu" : "South Africa"
  }
}